{
    "magnitude": {
        "mean": 0.3451825678348541,
        "std": 0.2168610394001007,
        "min": 0.0,
        "max": 1.0,
        "p01": 0.0,
        "p99": 0.8722599744796753
    },
    "logmel": {
        "mean": 0.5178497433662415,
        "std": 0.21240566670894623,
        "min": 0.0,
        "max": 1.0,
        "p01": 0.06135280430316925,
        "p99": 0.951890230178833
    },
    "if": {
        "mean": 0.0004355084674898535,
        "std": 1.155853509902954,
        "min": -2.0517239570617676,
        "max": 2.0437426567077637,
        "p01": -1.966802716255188,
        "p99": 1.9668458700180054
    },
    "modgd": {
        "mean": 0.0020796984899789095,
        "std": 0.917926013469696,
        "min": -1.0,
        "max": 1.0,
        "p01": -1.0,
        "p99": 1.0
    },
    "mr_mag_256": {
        "mean": 0.3917578160762787,
        "std": 0.2275436371564865,
        "min": 0.0,
        "max": 1.0,
        "p01": 0.0,
        "p99": 0.9221431016921997
    },
    "mr_mag_512": {
        "mean": 0.3657395839691162,
        "std": 0.22171971201896667,
        "min": 0.0,
        "max": 1.0,
        "p01": 0.0,
        "p99": 0.894778311252594
    },
    "mr_mag_1024": {
        "mean": 0.3454892635345459,
        "std": 0.21643735468387604,
        "min": 0.0,
        "max": 1.0,
        "p01": 0.0,
        "p99": 0.8718763589859009
    },
    "phase_sin": {
        "mean": 5.232734565652208e-06,
        "std": 0.7040286064147949,
        "min": -1.0,
        "max": 1.0,
        "p01": -0.9995096921920776,
        "p99": 0.9995058178901672
    },
    "phase_cos": {
        "mean": -0.00017176779510919005,
        "std": 0.7101715207099915,
        "min": -1.0,
        "max": 1.0,
        "p01": -0.9997144937515259,
        "p99": 0.99968421459198
    }
}