{"dataset/val_fragments":46,"val/speaker_beta":0.029999999329447746,"val/magnitude_loss":0.19100769285274588,"system/cpu_percent":73.2,"train/logmel_loss":0.1663505076110818,"val/phase_derivative":0.4409521416477535,"train/disc_perm_acc":0.5076335877862596,"train/logmel_mse":0.04063192257330618,"_wandb":{"runtime":14342},"train/phase_progress":1,"beta/environment":0.07,"system/ram_gb":18.30185317993164,"val/phase_sin_loss":0.7033502096715181,"train/excitation_kl":0.6573061369757616,"val/mr_mag_256_loss":0.20156953613395276,"val/reconstruction":4.890951446864916,"val/environment_beta":0.07000000029802322,"val/logmel_l1":0.19556918934635495,"val/speaker_kl":1.7515006998310918,"val/fidelity_kl":2.143767450166785,"_step":168,"train/mr_mag_1024_loss":0.1592785118304136,"train/phase_sin_loss":0.8190679218022878,"train/mr_mag_1024_l1":0.14233147728306647,"train/discriminator_loss":0.6910051330355288,"val/excitation_beta":0.03999999910593033,"train/total":6.258011857971891,"val/mr_mag_256_mse":0.05526849020110524,"train/fidelity_beta":0.009999999776482582,"val/if_l1":0.4057515704113504,"val/total":6.480320619500202,"train/derived_if_loss":0.8473022971444457,"epoch":300,"beta/excitation":0.04,"train/phase_enabled":1,"val/environment_kl":0.4827337355717369,"train/mr_mag_256_mse":0.035020022190936646,"val/modgd_mse":0.6706978575043057,"val/phase_cos_loss":0.7132291716078053,"train/mr_mag_512_mse":0.03443089022322465,"train/tc":-0.009215889676324739,"train/environment_kl":0.47644312395394306,"train/mr_mag_512_loss":0.15914460629907273,"val/phase_continuity":0.08039322770808054,"val/phase_sin_mse":0.3960710997166841,"train/phase_cos_loss":0.8315678743915703,"val/modgd_l1":0.70580102827238,"_timestamp":1.7826804600836797e+09,"val/if_mse":0.5449470126110575,"train/mr_mag_256_loss":0.1582168585244026,"val/excitation_kl":0.65982600139535,"val/kl_total":0.14825553932915564,"train/modgd_l1":0.8220716337211259,"train/von_mises":0.24064254191995577,"val/magnitude_l1":0.16701321886933368,"beta/speaker":0.03,"dataset/total_fragments":311,"train/if_loss":0.5639251684414521,"train/phase_cos_mse":0.47016743371504865,"train/disc_real_acc":0.4961832061068702,"train/environment_beta":0.07000000029802322,"train/derived_gd_loss":1.0452953777240432,"val/multires":0.6634369414785634,"train/multires":0.5283124637967758,"system/epoch_time":1365.6582889556885,"train/mr_mag_512_l1":0.1419291613438657,"train/kl_total":0.12176157090500112,"val/mr_mag_512_loss":0.1947708806913832,"val/phase_enabled":1,"train/excitation_beta":0.03999999910593033,"train/speaker_kl":0.8954347754252776,"dataset/num_conditions":2,"train/mr_mag_1024_mse":0.03389406910891296,"val/derived_if_loss":0.759136632732723,"val/phase_sin_l1":0.5053146624046824,"train/reconstruction":5.037958429059909,"val/mr_mag_1024_l1":0.16660362935584525,"train/modgd_loss":1.212949585368615,"val/derived_gd_loss":1.0046719312667847,"val/mr_mag_256_l1":0.17393528929223184,"train/mr_mag_256_l1":0.14070684735784095,"val/tc":0.03184830454056677,"train/magnitude_l1":0.14258117046747498,"train/phase_sin_l1":0.5883770748859144,"val/fidelity_beta":0.009999999776482582,"train/modgd_mse":0.7817559096649402,"train/magnitude_loss":0.15968403146239638,"train/logmel_l1":0.14603454676520733,"val/phase_cos_mse":0.402874451616536,"val/logmel_loss":0.232996452761733,"val/magnitude_mse":0.04798894691402498,"train/fidelity_kl":2.1336615194801154,"dataset/num_speakers":2,"val/phase_progress":1,"val/if_loss":0.6782250767168791,"train/phase_derivative":0.4731494190583702,"val/phase_cos_l1":0.511791943208031,"beta/fidelity":0.01,"train/if_mse":0.4653433538575209,"train/content_kl":1.3918650450597283,"val/mr_mag_512_l1":0.16941499612901523,"train/if_l1":0.33125349242268626,"_runtime":14342,"val/von_mises":0.22295222334239795,"train/magnitude_mse":0.034205722544370716,"val/logmel_mse":0.07485452691174072,"val/orthogonality":0.16478281597728314,"val/discriminator_loss":0.6933093822520712,"val/content_kl":1.40884428438933,"val/mr_mag_512_mse":0.05071176649273738,"val/mr_mag_1024_mse":0.047502769481228745,"val/modgd_loss":1.041149958320286,"train/phase_sin_mse":0.46138169883771707,"val/content_beta":0.009999999776482582,"dataset/train_fragments":265,"train/phase_cos_l1":0.5964841592402859,"train/speaker_beta":0.029999999329447746,"beta/content":0.01,"train/orthogonality":0.10176560532955722,"train/phase_continuity":0.09398138397977553,"val/mr_mag_1024_loss":0.19035501421793646,"train/disc_loss":0.6939783942608433,"train/content_beta":0.009999999776482582}