epoch,content,speaker,environment,excitation,fidelity
133,0.01,0.03,0.07,0.02962581949505139,0.0074064548737628475
