epoch,epoch_time,ram_gb,cpu_percent
133,1422.523592710495,17.707374572753906,53.5
