epoch,reconstruction,phase_enabled,phase_progress,logmel_loss,logmel_l1,logmel_mse,mr_mag_256_loss,mr_mag_256_l1,mr_mag_256_mse,mr_mag_512_loss,mr_mag_512_l1,mr_mag_512_mse,magnitude_loss,magnitude_l1,magnitude_mse,mr_mag_1024_loss,mr_mag_1024_l1,mr_mag_1024_mse,if_loss,if_l1,if_mse,modgd_loss,modgd_l1,modgd_mse,phase_sin_loss,phase_sin_l1,phase_sin_mse,phase_cos_loss,phase_cos_l1,phase_cos_mse,phase_derivative,derived_if_loss,derived_gd_loss,von_mises,phase_continuity,multires,content_kl,content_beta,speaker_kl,speaker_beta,environment_kl,environment_beta,excitation_kl,excitation_beta,fidelity_kl,fidelity_beta,kl_total,orthogonality,tc,total,disc_loss,disc_real_acc,disc_perm_acc
133,5.043532884757937,1.0,0.4433333333333334,0.16489854272995286,0.1449337683561194,0.039929550013128125,0.15738469618194886,0.14008138328790665,0.0346066260866764,0.1582283164367421,0.14119067219377474,0.0340752896589746,0.15901810744109043,0.1420616530280077,0.033912909067882836,0.15851143321008174,0.14170520582044396,0.033612454807712834,0.5620098719160065,0.3302287868871034,0.4635621673278226,1.2171530814571234,0.8249148330615677,0.7844764995210953,0.8219320100682382,0.5904790904685742,0.46290584079181873,0.8347376025360049,0.5988549919983813,0.471765230175193,0.47492876330404793,0.8482137563574406,1.0515012977687457,0.24051369988281307,0.09421679616429424,0.5252716288766788,0.6470949690760547,0.009999999776482582,0.13292819693798327,0.029999999329447746,0.03760080737637655,0.07000000029802322,0.2161671725165753,0.03999999910593033,0.5758119675949329,0.009999999776482582,0.027495658010926866,0.10804627059411456,0.0,6.175594974110145,0.6931062691084301,0.49236641221374045,0.48091603053435117
